Accuracy,Precision,F1-score,Sensitivity,Specificity,ROC-AUC
0.6634615384615384,0.6938775510204082,0.6601941747572816,0.6296296296296297,0.7,0.7662962962962963
