Accuracy,Precision,F1-score,Sensitivity,Specificity,ROC-AUC
0.7403846153846154,0.7547169811320755,0.7476635514018691,0.7407407407407407,0.74,0.8107407407407408
